Date,Time,LMP ($/MWh),SRP ($/MWh),hour_idx,day_idx
09/04/2024,2,52.97919,1.0,5928,247
09/04/2024,3,50.37751,1.0,5929,247
09/04/2024,4,48.64428,0.14,5930,247
09/04/2024,5,48.39276,0.14,5931,247
09/04/2024,6,54.29237,0.14,5932,247
09/04/2024,7,54.30101,1.0,5933,247
09/04/2024,8,35.48131,0.75,5934,247
09/04/2024,9,31.62668,0.14,5935,247
09/04/2024,10,27.81457,0.14,5936,247
09/04/2024,11,27.16913,0.14,5937,247
09/04/2024,12,31.54917,0.14,5938,247
09/04/2024,13,31.59359,0.14,5939,247
09/04/2024,14,31.69359,1.5,5940,247
09/04/2024,15,32.33574,0.45,5941,247
09/04/2024,16,44.71265,1.0,5942,247
09/04/2024,17,56.7075,5.5,5943,247
09/04/2024,18,81.81359,20.0,5944,247
09/04/2024,19,215.79579,174.27615,5945,247
09/04/2024,20,259.37018,220.65132,5946,247
09/04/2024,21,100.15642,44.92888,5947,247
09/04/2024,22,63.21635,9.86791,5948,247
09/04/2024,23,51.56844,4.67806,5949,247
09/04/2024,24,41.89279,1.5,5950,247
09/05/2024,1,41.53522,1.0,5951,247
09/05/2024,2,41.138,1.0,5952,248
09/05/2024,3,41.21017,0.14,5953,248
09/05/2024,4,41.20559,0.14,5954,248
09/05/2024,5,40.78126,0.14,5955,248
09/05/2024,6,42.59215,0.14,5956,248
09/05/2024,7,53.41578,1.0,5957,248
09/05/2024,8,44.71159,0.95338,5958,248
09/05/2024,9,35.07249,0.14,5959,248
09/05/2024,10,31.74568,0.14,5960,248
09/05/2024,11,31.43138,0.14,5961,248
09/05/2024,12,29.05489,0.14,5962,248
09/05/2024,13,25.86564,0.14,5963,248
09/05/2024,14,31.79209,0.84,5964,248
09/05/2024,15,32.39656,3.86135,5965,248
09/05/2024,16,48.14166,5.6,5966,248
09/05/2024,17,60.73405,10.33,5967,248
09/05/2024,18,145.0,145.57114,5968,248
09/05/2024,19,346.08145,337.36354,5969,248
09/05/2024,20,476.23315,459.19588,5970,248
09/05/2024,21,156.37454,129.86164,5971,248
09/05/2024,22,71.55865,42.30989,5972,248
09/05/2024,23,51.56581,14.47444,5973,248
09/05/2024,24,50.22013,6.02,5974,248
09/06/2024,1,45.68985,5.6,5975,248
09/06/2024,2,38.77457,1.5,5976,249
09/06/2024,3,38.85891,1.0,5977,249
09/06/2024,4,38.76684,0.14,5978,249
09/06/2024,5,38.95607,0.14,5979,249
09/06/2024,6,43.49745,0.14,5980,249
09/06/2024,7,46.65343,1.0,5981,249
09/06/2024,8,38.86756,0.70387,5982,249
09/06/2024,9,32.42011,0.14,5983,249
09/06/2024,10,31.27955,0.14,5984,249
09/06/2024,11,23.49836,0.14,5985,249
09/06/2024,12,31.07032,0.14,5986,249
09/06/2024,13,22.82917,0.91701,5987,249
09/06/2024,14,23.54999,1.0,5988,249
09/06/2024,15,31.4485,1.0,5989,249
09/06/2024,16,32.22533,5.4,5990,249
09/06/2024,17,41.01756,5.74,5991,249
09/06/2024,18,62.96388,42.11228,5992,249
09/06/2024,19,116.78638,111.62988,5993,249
09/06/2024,20,122.78181,106.54653,5994,249
09/06/2024,21,67.75681,36.77095,5995,249
09/06/2024,22,50.46927,16.61,5996,249
09/06/2024,23,42.23025,6.80228,5997,249
09/06/2024,24,41.65087,5.6,5998,249
09/07/2024,1,50.20506,4.35429,5999,249
09/07/2024,2,46.12199,1.0,6000,250
09/07/2024,3,40.88719,0.6,6001,250
09/07/2024,4,38.13231,0.6,6002,250
09/07/2024,5,38.60302,0.6,6003,250
09/07/2024,6,39.18281,0.6,6004,250
09/07/2024,7,38.66213,0.6,6005,250
09/07/2024,8,36.31919,0.6,6006,250
09/07/2024,9,30.91866,0.14,6007,250
09/07/2024,10,27.28427,0.14,6008,250
09/07/2024,11,23.66235,0.14,6009,250
09/07/2024,12,24.43517,0.19122,6010,250
09/07/2024,13,24.42267,0.6,6011,250
09/07/2024,14,22.75519,0.6,6012,250
09/07/2024,15,23.80029,0.6,6013,250
09/07/2024,16,28.78783,1.0,6014,250
09/07/2024,17,35.90791,3.61,6015,250
09/07/2024,18,47.83258,6.87,6016,250
09/07/2024,19,81.10855,35.70172,6017,250
09/07/2024,20,79.17395,29.4035,6018,250
09/07/2024,21,56.30451,6.29218,6019,250
09/07/2024,22,48.61865,4.58912,6020,250
09/07/2024,23,41.75194,1.72,6021,250
09/07/2024,24,36.24511,1.33792,6022,250
09/08/2024,1,44.33825,5.4,6023,250
09/08/2024,2,31.60379,1.70294,6024,251
09/08/2024,3,32.86122,1.0,6025,251
09/08/2024,4,33.22871,0.6,6026,251
09/08/2024,5,33.31585,0.6,6027,251
09/08/2024,6,32.47619,0.6,6028,251
09/08/2024,7,32.29848,0.6,6029,251
09/08/2024,8,32.12316,0.6,6030,251
09/08/2024,9,27.41411,0.14,6031,251
09/08/2024,10,21.28056,0.14,6032,251
09/08/2024,11,15.72787,0.14,6033,251
09/08/2024,12,18.36595,0.14,6034,251
09/08/2024,13,20.43514,0.14,6035,251
09/08/2024,14,21.64234,0.25006,6036,251
09/08/2024,15,19.2574,1.0,6037,251
09/08/2024,16,22.13295,1.0,6038,251
09/08/2024,17,26.51977,1.0,6039,251
09/08/2024,18,34.8171,5.6,6040,251
09/08/2024,19,64.80251,25.93286,6041,251
09/08/2024,20,65.04314,18.82314,6042,251
09/08/2024,21,53.50993,5.39,6043,251
09/08/2024,22,46.64437,5.0,6044,251
09/08/2024,23,42.05461,2.49,6045,251
09/08/2024,24,39.66768,2.95715,6046,251
09/09/2024,1,36.72864,1.0,6047,251
09/09/2024,2,38.73899,0.6,6048,252
09/09/2024,3,34.91105,0.6,6049,252
09/09/2024,4,34.53349,0.14,6050,252
09/09/2024,5,34.65832,0.14,6051,252
09/09/2024,6,38.65207,0.14,6052,252
09/09/2024,7,41.00084,0.6,6053,252
09/09/2024,8,36.45011,0.6,6054,252
09/09/2024,9,31.58516,0.14,6055,252
09/09/2024,10,30.75607,0.14,6056,252
09/09/2024,11,22.08856,0.14,6057,252
09/09/2024,12,23.37203,0.14,6058,252
09/09/2024,13,17.85663,0.6,6059,252
09/09/2024,14,22.04868,0.6,6060,252
09/09/2024,15,29.06983,1.0,6061,252
09/09/2024,16,31.91017,1.5,6062,252
09/09/2024,17,37.14686,2.46,6063,252
09/09/2024,18,41.21823,8.85843,6064,252
09/09/2024,19,64.01981,47.54111,6065,252
09/09/2024,20,64.52668,41.99334,6066,252
09/09/2024,21,49.25363,10.95157,6067,252
09/09/2024,22,38.55217,6.29359,6068,252
09/09/2024,23,40.18157,3.54325,6069,252
09/09/2024,24,39.07144,1.2902,6070,252
09/10/2024,1,35.20885,1.0,6071,252
09/10/2024,2,34.86634,0.75,6072,253
09/10/2024,3,34.42627,0.26464,6073,253
09/10/2024,4,33.98714,0.14,6074,253
09/10/2024,5,34.33867,0.14,6075,253
09/10/2024,6,37.71351,0.45,6076,253
09/10/2024,7,39.69247,0.75,6077,253
09/10/2024,8,34.2975,0.75,6078,253
09/10/2024,9,27.67328,0.14,6079,253
09/10/2024,10,24.85844,0.14,6080,253
09/10/2024,11,21.51186,0.14,6081,253
09/10/2024,12,20.43199,0.14,6082,253
09/10/2024,13,21.58606,0.14,6083,253
09/10/2024,14,24.18672,0.14,6084,253
09/10/2024,15,24.7734,0.14,6085,253
09/10/2024,16,29.83453,0.14,6086,253
09/10/2024,17,30.23571,0.59897,6087,253
09/10/2024,18,33.00714,1.50808,6088,253
09/10/2024,19,48.49998,10.81,6089,253
09/10/2024,20,51.19523,10.77,6090,253
09/10/2024,21,41.66096,2.05589,6091,253
09/10/2024,22,39.60838,2.65003,6092,253
09/10/2024,23,39.24566,1.0,6093,253
09/10/2024,24,37.00778,1.0,6094,253
09/11/2024,1,33.20767,0.74171,6095,253
09/11/2024,2,32.79744,0.6,6096,254
09/11/2024,3,32.78904,0.14,6097,254
09/11/2024,4,32.12509,0.14,6098,254
09/11/2024,5,32.98012,0.14,6099,254
09/11/2024,6,34.52203,0.6,6100,254
09/11/2024,7,34.5033,0.6,6101,254
09/11/2024,8,30.13092,0.6,6102,254
09/11/2024,9,7.23475,0.6,6103,254
09/11/2024,10,2.36213,0.14,6104,254
09/11/2024,11,0.66113,0.14,6105,254
09/11/2024,12,0.39446,0.14,6106,254
09/11/2024,13,0.88901,0.14,6107,254
09/11/2024,14,2.57361,0.14,6108,254
09/11/2024,15,2.78718,0.14,6109,254
09/11/2024,16,9.7943,0.14,6110,254
09/11/2024,17,16.69119,0.6,6111,254
09/11/2024,18,31.79078,0.6,6112,254
09/11/2024,19,41.18826,1.00011,6113,254
09/11/2024,20,45.84323,5.0,6114,254
09/11/2024,21,39.07799,1.4922,6115,254
09/11/2024,22,37.40238,0.6,6116,254
09/11/2024,23,36.74543,0.75,6117,254
09/11/2024,24,35.44481,0.75,6118,254
09/12/2024,1,32.94126,0.6,6119,254
09/12/2024,2,32.68361,0.5,6120,255
09/12/2024,3,31.58575,0.14,6121,255
09/12/2024,4,32.32025,0.14,6122,255
09/12/2024,5,32.59239,0.14,6123,255
09/12/2024,6,32.12728,0.5,6124,255
09/12/2024,7,32.46495,0.5,6125,255
09/12/2024,8,28.05554,0.6,6126,255
09/12/2024,9,0.27785,0.5,6127,255
09/12/2024,10,-3.70497,0.14,6128,255
09/12/2024,11,-1.55372,0.14,6129,255
09/12/2024,12,1.27199,0.14,6130,255
09/12/2024,13,1.69659,0.14,6131,255
09/12/2024,14,2.88222,0.14,6132,255
09/12/2024,15,1.72836,0.14,6133,255
09/12/2024,16,4.77314,0.14,6134,255
09/12/2024,17,7.82688,0.14,6135,255
09/12/2024,18,29.31195,0.14,6136,255
09/12/2024,19,38.07567,1.2697,6137,255
09/12/2024,20,42.85545,3.355,6138,255
09/12/2024,21,37.91217,1.0,6139,255
09/12/2024,22,36.03854,0.49042,6140,255
09/12/2024,23,35.83922,0.6,6141,255
09/12/2024,24,32.7877,1.5,6142,255
09/13/2024,1,31.31543,0.45,6143,255
09/13/2024,2,31.09951,0.14,6144,256
09/13/2024,3,30.49057,0.14,6145,256
09/13/2024,4,30.59656,0.14,6146,256
09/13/2024,5,30.83509,0.14,6147,256
09/13/2024,6,35.0,0.14,6148,256
09/13/2024,7,38.57686,0.5,6149,256
09/13/2024,8,30.51702,0.6,6150,256
09/13/2024,9,12.85305,0.5,6151,256
09/13/2024,10,8.70732,0.14,6152,256
09/13/2024,11,8.98876,0.14,6153,256
09/13/2024,12,7.72154,0.14,6154,256
09/13/2024,13,7.24043,0.14,6155,256
09/13/2024,14,7.44717,0.14,6156,256
09/13/2024,15,8.93174,0.14,6157,256
09/13/2024,16,14.44318,0.14,6158,256
09/13/2024,17,21.98349,0.14,6159,256
09/13/2024,18,37.38558,0.6,6160,256
09/13/2024,19,41.58781,0.75,6161,256
09/13/2024,20,42.86848,0.75,6162,256
09/13/2024,21,40.50885,0.75,6163,256
09/13/2024,22,37.97557,0.6,6164,256
09/13/2024,23,37.53441,0.6,6165,256
09/13/2024,24,37.00617,0.75,6166,256
09/14/2024,1,30.59932,0.75,6167,256
09/14/2024,2,31.99091,0.14,6168,257
09/14/2024,3,31.33472,0.14,6169,257
09/14/2024,4,30.92111,0.14,6170,257
09/14/2024,5,32.53698,0.14,6171,257
09/14/2024,6,32.61376,0.14,6172,257
09/14/2024,7,34.15,0.5,6173,257
09/14/2024,8,27.65695,0.5,6174,257
09/14/2024,9,5.9443,0.5,6175,257
09/14/2024,10,2.08599,0.18026,6176,257
09/14/2024,11,1.61619,0.14,6177,257
09/14/2024,12,-0.38808,0.14,6178,257
09/14/2024,13,-0.54661,0.14,6179,257
09/14/2024,14,-0.61109,0.14,6180,257
09/14/2024,15,1.48578,0.14,6181,257
09/14/2024,16,5.60451,0.14,6182,257
09/14/2024,17,14.21712,0.14,6183,257
09/14/2024,18,35.08581,0.14,6184,257
09/14/2024,19,41.65358,0.75,6185,257
09/14/2024,20,40.64583,0.75,6186,257
09/14/2024,21,38.58099,0.75,6187,257
09/14/2024,22,36.43597,0.74108,6188,257
09/14/2024,23,35.29082,0.75,6189,257
09/14/2024,24,34.63727,0.75,6190,257
09/15/2024,1,32.23743,0.75,6191,257
09/15/2024,2,32.517,0.28755,6192,258
09/15/2024,3,32.42132,0.14,6193,258
09/15/2024,4,31.95256,0.14,6194,258
09/15/2024,5,32.40789,0.14,6195,258
09/15/2024,6,32.36515,0.28957,6196,258
09/15/2024,7,32.34505,0.5,6197,258
09/15/2024,8,23.98219,0.5,6198,258
09/15/2024,9,-4.37534,0.5,6199,258
09/15/2024,10,-7.67445,0.5,6200,258
09/15/2024,11,-6.19587,0.14,6201,258
09/15/2024,12,-5.89941,0.14,6202,258
09/15/2024,13,-5.45926,0.14,6203,258
09/15/2024,14,-6.04571,0.14,6204,258
09/15/2024,15,-6.48707,0.14,6205,258
09/15/2024,16,-6.49776,0.14,6206,258
09/15/2024,17,-4.5519,0.14,6207,258
09/15/2024,18,27.94584,0.14,6208,258
09/15/2024,19,36.71512,0.75,6209,258
09/15/2024,20,39.05091,0.75,6210,258
09/15/2024,21,36.93415,0.75,6211,258
09/15/2024,22,34.03857,0.75,6212,258
09/15/2024,23,33.25096,0.69019,6213,258
09/15/2024,24,32.63652,0.75,6214,258
09/16/2024,1,30.21923,0.19198,6215,258
09/16/2024,2,30.28556,0.14,6216,259
09/16/2024,3,29.36138,0.14,6217,259
09/16/2024,4,29.17437,0.14,6218,259
09/16/2024,5,31.15353,0.14,6219,259
09/16/2024,6,37.03691,0.14,6220,259
09/16/2024,7,38.42653,0.75,6221,259
09/16/2024,8,32.37046,0.75,6222,259
09/16/2024,9,3.49334,0.5,6223,259
09/16/2024,10,0.79855,0.5,6224,259
09/16/2024,11,-1.21894,0.3,6225,259
09/16/2024,12,-2.04464,0.14,6226,259
09/16/2024,13,-2.91106,0.14,6227,259
09/16/2024,14,-2.31674,0.14,6228,259
09/16/2024,15,-3.56728,0.14,6229,259
09/16/2024,16,-3.51713,0.14,6230,259
09/16/2024,17,1.93668,0.14,6231,259
09/16/2024,18,26.93125,0.14,6232,259
09/16/2024,19,34.88,0.75,6233,259
09/16/2024,20,35.54661,1.0,6234,259
09/16/2024,21,34.92271,0.75,6235,259
09/16/2024,22,33.79213,0.40666,6236,259
09/16/2024,23,34.00999,0.75,6237,259
09/16/2024,24,33.09701,0.75,6238,259
09/17/2024,1,31.21147,0.14,6239,259
09/17/2024,2,30.47485,0.14,6240,260
09/17/2024,3,29.74444,0.14,6241,260
09/17/2024,4,29.43007,0.14,6242,260
09/17/2024,5,30.41574,0.14,6243,260
09/17/2024,6,31.3158,0.14,6244,260
09/17/2024,7,34.20057,0.5,6245,260
09/17/2024,8,29.88311,0.5,6246,260
09/17/2024,9,-4.37998,0.5,6247,260
09/17/2024,10,-8.0003,0.14,6248,260
09/17/2024,11,-7.39407,0.14,6249,260
09/17/2024,12,-8.38739,0.14,6250,260
09/17/2024,13,-10.33506,0.14,6251,260
09/17/2024,14,-10.20827,0.14,6252,260
09/17/2024,15,-10.0369,0.14,6253,260
09/17/2024,16,-10.04735,0.14,6254,260
09/17/2024,17,-4.74907,0.14,6255,260
09/17/2024,18,22.69262,0.14,6256,260
09/17/2024,19,35.895,0.75,6257,260
09/17/2024,20,36.70035,0.82066,6258,260
09/17/2024,21,35.15172,0.75,6259,260
09/17/2024,22,34.33527,0.50176,6260,260
09/17/2024,23,34.20417,0.75,6261,260
09/17/2024,24,33.14611,0.75,6262,260
09/18/2024,1,35.95887,0.14,6263,260
09/18/2024,2,33.90083,0.14,6264,261
09/18/2024,3,32.89817,0.14,6265,261
09/18/2024,4,32.92198,0.14,6266,261
09/18/2024,5,32.94497,0.14,6267,261
09/18/2024,6,38.55159,0.14,6268,261
09/18/2024,7,40.83041,0.5,6269,261
09/18/2024,8,34.54562,0.75,6270,261
09/18/2024,9,11.62502,0.5,6271,261
09/18/2024,10,-1.49401,0.45,6272,261
09/18/2024,11,-2.54558,0.14,6273,261
09/18/2024,12,-4.37092,0.14,6274,261
09/18/2024,13,-5.05188,0.14,6275,261
09/18/2024,14,-2.17982,0.14,6276,261
09/18/2024,15,-2.66145,0.14,6277,261
09/18/2024,16,1.69272,0.14,6278,261
09/18/2024,17,16.05078,0.14,6279,261
09/18/2024,18,35.05678,0.14,6280,261
09/18/2024,19,40.7597,0.75,6281,261
09/18/2024,20,41.19043,0.75,6282,261
09/18/2024,21,39.71109,0.75,6283,261
09/18/2024,22,38.44065,0.3567,6284,261
09/18/2024,23,38.10249,0.75,6285,261
09/18/2024,24,37.40234,0.75,6286,261
09/19/2024,1,38.40051,0.25416,6287,261
09/19/2024,2,38.08188,0.42237,6288,262
09/19/2024,3,35.97074,0.14,6289,262
09/19/2024,4,34.81594,0.14,6290,262
09/19/2024,5,38.06677,0.14,6291,262
09/19/2024,6,39.252,0.5,6292,262
09/19/2024,7,40.56888,0.5,6293,262
09/19/2024,8,34.81255,0.75,6294,262
09/19/2024,9,14.75971,0.5,6295,262
09/19/2024,10,3.39825,0.14,6296,262
09/19/2024,11,1.76427,0.14,6297,262
09/19/2024,12,1.12325,0.14,6298,262
09/19/2024,13,-0.93208,0.14,6299,262
09/19/2024,14,-3.92539,0.14,6300,262
09/19/2024,15,-2.83644,0.14,6301,262
09/19/2024,16,2.99645,0.14,6302,262
09/19/2024,17,11.41863,0.14,6303,262
09/19/2024,18,37.98338,0.75,6304,262
09/19/2024,19,40.19776,0.75,6305,262
09/19/2024,20,39.30215,1.0,6306,262
09/19/2024,21,38.59296,0.75,6307,262
09/19/2024,22,38.27902,0.75,6308,262
09/19/2024,23,37.19854,0.75,6309,262
09/19/2024,24,36.16565,0.75,6310,262
09/20/2024,1,37.33554,0.45,6311,262
09/20/2024,2,35.73463,0.45,6312,263
09/20/2024,3,33.58331,0.14,6313,263
09/20/2024,4,33.44308,0.14,6314,263
09/20/2024,5,33.80275,0.14,6315,263
09/20/2024,6,39.55082,0.14,6316,263
09/20/2024,7,41.12606,0.5,6317,263
09/20/2024,8,37.17595,0.5,6318,263
09/20/2024,9,14.86522,0.5,6319,263
09/20/2024,10,6.06358,0.14,6320,263
09/20/2024,11,6.09969,0.14,6321,263
09/20/2024,12,5.98522,0.14,6322,263
09/20/2024,13,4.46557,0.14,6323,263
09/20/2024,14,4.45089,0.14,6324,263
09/20/2024,15,6.27154,0.14,6325,263
09/20/2024,16,6.75135,0.14,6326,263
09/20/2024,17,20.84197,0.14,6327,263
09/20/2024,18,37.79141,0.14,6328,263
09/20/2024,19,39.91711,0.76368,6329,263
09/20/2024,20,40.03429,0.75,6330,263
09/20/2024,21,38.95767,0.75,6331,263
09/20/2024,22,38.31084,0.45,6332,263
09/20/2024,23,38.00068,0.75,6333,263
09/20/2024,24,36.06879,0.75,6334,263
09/21/2024,1,35.90021,0.45,6335,263
09/21/2024,2,36.26811,0.45,6336,264
09/21/2024,3,34.09218,0.45,6337,264
09/21/2024,4,32.73964,0.45,6338,264
09/21/2024,5,33.65024,0.45,6339,264
09/21/2024,6,34.09874,0.45,6340,264
09/21/2024,7,36.42105,0.5,6341,264
09/21/2024,8,26.81639,0.5,6342,264
09/21/2024,9,0.50446,0.5,6343,264
09/21/2024,10,-3.16373,0.16949,6344,264
09/21/2024,11,-2.45089,0.14,6345,264
09/21/2024,12,-3.00341,0.14,6346,264
09/21/2024,13,-2.5252,0.14,6347,264
09/21/2024,14,-3.29349,0.14,6348,264
09/21/2024,15,-0.53101,0.14,6349,264
09/21/2024,16,-0.02378,0.14,6350,264
09/21/2024,17,11.44192,0.14,6351,264
09/21/2024,18,33.92814,0.14,6352,264
09/21/2024,19,41.073,1.0,6353,264
09/21/2024,20,41.5175,1.0,6354,264
09/21/2024,21,39.65847,0.55878,6355,264
09/21/2024,22,40.1052,0.45,6356,264
09/21/2024,23,39.4999,0.71349,6357,264
09/21/2024,24,38.55596,0.75,6358,264
09/22/2024,1,44.10203,0.45,6359,264
09/22/2024,2,43.77997,0.5,6360,265
09/22/2024,3,43.01529,0.5,6361,265
09/22/2024,4,38.00761,0.45,6362,265
09/22/2024,5,40.70197,0.5,6363,265
09/22/2024,6,39.59641,0.5,6364,265
09/22/2024,7,40.23112,0.5,6365,265
09/22/2024,8,29.32093,0.5,6366,265
09/22/2024,9,2.04735,0.14,6367,265
09/22/2024,10,-2.6727,0.14,6368,265
09/22/2024,11,-3.38445,0.14,6369,265
09/22/2024,12,-3.69668,0.14,6370,265
09/22/2024,13,-2.91255,0.14,6371,265
09/22/2024,14,-2.19356,0.14,6372,265
09/22/2024,15,0.86601,0.14,6373,265
09/22/2024,16,10.59742,0.14,6374,265
09/22/2024,17,27.39861,0.14,6375,265
09/22/2024,18,45.03524,1.0,6376,265
09/22/2024,19,58.8922,1.0,6377,265
09/22/2024,20,55.59,1.0,6378,265
09/22/2024,21,44.46613,1.0,6379,265
09/22/2024,22,43.59669,1.0,6380,265
09/22/2024,23,41.51927,1.0,6381,265
09/22/2024,24,36.86678,1.204,6382,265
09/23/2024,1,36.69216,1.0,6383,265
09/23/2024,2,35.743,0.45,6384,266
09/23/2024,3,35.41443,0.18077,6385,266
09/23/2024,4,35.0117,0.14,6386,266
09/23/2024,5,35.56177,0.14,6387,266
09/23/2024,6,42.01944,0.5,6388,266
09/23/2024,7,42.00257,0.5,6389,266
09/23/2024,8,36.20149,0.5,6390,266
09/23/2024,9,18.54681,0.14,6391,266
09/23/2024,10,10.9581,0.14,6392,266
09/23/2024,11,10.98209,0.14,6393,266
09/23/2024,12,12.86919,0.14,6394,266
09/23/2024,13,14.32305,0.14,6395,266
09/23/2024,14,16.37705,0.14,6396,266
09/23/2024,15,18.02952,0.14,6397,266
09/23/2024,16,24.37133,0.14,6398,266
09/23/2024,17,35.52282,0.14,6399,266
09/23/2024,18,53.67647,3.90367,6400,266
09/23/2024,19,73.09701,7.284,6401,266
09/23/2024,20,67.1446,5.6,6402,266
09/23/2024,21,52.00448,1.05991,6403,266
09/23/2024,22,49.59963,1.0,6404,266
09/23/2024,23,48.44414,1.0,6405,266
09/23/2024,24,41.13549,1.0,6406,266
09/24/2024,1,37.4045,0.5,6407,266
09/24/2024,2,37.34531,0.45,6408,267
09/24/2024,3,36.00468,0.45,6409,267
09/24/2024,4,35.7934,0.14,6410,267
09/24/2024,5,35.77154,0.14,6411,267
09/24/2024,6,39.43569,0.14,6412,267
09/24/2024,7,43.50456,0.5,6413,267
09/24/2024,8,37.08575,1.5,6414,267
09/24/2024,9,13.08605,0.14,6415,267
09/24/2024,10,10.13982,0.14,6416,267
09/24/2024,11,8.81476,0.14,6417,267
09/24/2024,12,9.3139,0.14,6418,267
09/24/2024,13,9.90084,0.14,6419,267
09/24/2024,14,9.93759,0.14,6420,267
09/24/2024,15,11.20119,0.14,6421,267
09/24/2024,16,21.86735,0.14,6422,267
09/24/2024,17,31.88308,1.06,6423,267
09/24/2024,18,51.94805,1.0,6424,267
09/24/2024,19,74.25,16.53,6425,267
09/24/2024,20,59.64863,6.71,6426,267
09/24/2024,21,47.23672,1.0,6427,267
09/24/2024,22,45.89865,1.0,6428,267
09/24/2024,23,45.14666,1.0,6429,267
09/24/2024,24,44.18791,1.0,6430,267
09/25/2024,1,39.75235,0.75,6431,267
09/25/2024,2,39.71184,0.5,6432,268
09/25/2024,3,38.34854,0.5,6433,268
09/25/2024,4,37.93069,0.45,6434,268
09/25/2024,5,37.81649,0.45,6435,268
09/25/2024,6,42.15896,0.5,6436,268
09/25/2024,7,42.91518,0.5,6437,268
09/25/2024,8,36.23637,0.5,6438,268
09/25/2024,9,18.3961,0.5,6439,268
09/25/2024,10,12.7255,0.41866,6440,268
09/25/2024,11,13.22789,0.14,6441,268
09/25/2024,12,11.5598,0.14,6442,268
09/25/2024,13,12.5,0.14,6443,268
09/25/2024,14,12.11535,0.14,6444,268
09/25/2024,15,13.58108,0.14,6445,268
09/25/2024,16,18.86511,0.14,6446,268
09/25/2024,17,27.77372,1.0,6447,268
09/25/2024,18,43.75492,0.75,6448,268
09/25/2024,19,52.42392,1.0,6449,268
09/25/2024,20,47.47208,1.0,6450,268
09/25/2024,21,44.42749,0.98016,6451,268
09/25/2024,22,42.78737,0.75,6452,268
09/25/2024,23,42.06385,0.75,6453,268
09/25/2024,24,38.92005,0.75,6454,268
09/26/2024,1,41.48422,0.62698,6455,268
09/26/2024,2,38.62506,0.45,6456,269
09/26/2024,3,38.43288,0.14,6457,269
09/26/2024,4,38.15066,0.14,6458,269
09/26/2024,5,38.85,0.14,6459,269
09/26/2024,6,45.04879,0.39841,6460,269
09/26/2024,7,45.45737,0.58405,6461,269
09/26/2024,8,38.92035,0.5,6462,269
09/26/2024,9,21.37183,0.59329,6463,269
09/26/2024,10,17.30597,0.14,6464,269
09/26/2024,11,16.77396,0.14,6465,269
09/26/2024,12,14.35352,0.14,6466,269
09/26/2024,13,14.1166,0.14,6467,269
09/26/2024,14,17.3244,0.14,6468,269
09/26/2024,15,20.24162,0.14,6469,269
09/26/2024,16,24.38248,0.14,6470,269
09/26/2024,17,34.85969,0.14,6471,269
09/26/2024,18,46.15581,0.75,6472,269
09/26/2024,19,61.33756,9.95,6473,269
09/26/2024,20,51.45956,1.0,6474,269
09/26/2024,21,46.60807,0.60302,6475,269
09/26/2024,22,45.59561,0.36916,6476,269
09/26/2024,23,45.4592,0.5,6477,269
09/26/2024,24,44.4196,0.5,6478,269
09/27/2024,1,36.81428,0.45,6479,269
09/27/2024,2,36.4321,0.14,6480,270
09/27/2024,3,36.65373,0.14,6481,270
09/27/2024,4,36.682,0.14,6482,270
09/27/2024,5,36.7926,0.14,6483,270
09/27/2024,6,41.33242,0.14,6484,270
09/27/2024,7,43.31458,0.5,6485,270
09/27/2024,8,40.17135,0.5,6486,270
09/27/2024,9,21.51858,0.5,6487,270
09/27/2024,10,21.00121,0.14,6488,270
09/27/2024,11,19.03402,0.14,6489,270
09/27/2024,12,17.4739,0.14,6490,270
09/27/2024,13,18.10248,0.14,6491,270
09/27/2024,14,18.89278,0.14,6492,270
09/27/2024,15,20.0125,0.14,6493,270
09/27/2024,16,32.14283,0.14,6494,270
09/27/2024,17,39.21483,0.14,6495,270
09/27/2024,18,52.18068,0.75,6496,270
09/27/2024,19,64.28304,1.0,6497,270
09/27/2024,20,56.63741,1.0,6498,270
09/27/2024,21,50.73714,0.75,6499,270
09/27/2024,22,48.52402,0.75,6500,270
09/27/2024,23,45.54852,0.5,6501,270
09/27/2024,24,42.1803,0.5,6502,270
09/28/2024,1,42.64521,0.75,6503,270
09/28/2024,2,41.67687,0.45,6504,271
09/28/2024,3,41.1937,0.45,6505,271
09/28/2024,4,40.46768,0.16786,6506,271
09/28/2024,5,40.252,0.14,6507,271
09/28/2024,6,41.07161,0.45,6508,271
09/28/2024,7,40.90217,0.5,6509,271
09/28/2024,8,33.68567,0.5,6510,271
09/28/2024,9,13.20461,0.45,6511,271
09/28/2024,10,7.92318,0.14,6512,271
09/28/2024,11,12.80913,0.14,6513,271
09/28/2024,12,11.89903,0.14,6514,271
09/28/2024,13,12.92287,0.14,6515,271
09/28/2024,14,14.16007,0.14,6516,271
09/28/2024,15,15.01269,0.14,6517,271
09/28/2024,16,22.0121,0.14,6518,271
09/28/2024,17,33.33689,0.14,6519,271
09/28/2024,18,44.05982,0.61279,6520,271
09/28/2024,19,56.81667,7.02377,6521,271
09/28/2024,20,51.42258,1.0,6522,271
09/28/2024,21,43.73423,0.48404,6523,271
09/28/2024,22,42.98125,0.75,6524,271
09/28/2024,23,41.80964,0.5,6525,271
09/28/2024,24,38.93201,0.5,6526,271
09/29/2024,1,37.44961,0.45,6527,271
09/29/2024,2,37.20025,0.45,6528,272
09/29/2024,3,37.00706,0.14,6529,272
09/29/2024,4,36.6527,0.14,6530,272
09/29/2024,5,36.10324,0.14,6531,272
09/29/2024,6,37.22694,0.30964,6532,272
09/29/2024,7,39.21256,0.5,6533,272
09/29/2024,8,31.26723,1.0,6534,272
09/29/2024,9,4.01631,0.5,6535,272
09/29/2024,10,-4.09528,0.14,6536,272
09/29/2024,11,-0.58016,0.14,6537,272
09/29/2024,12,-1.13233,0.14,6538,272
09/29/2024,13,0.34287,0.14,6539,272
09/29/2024,14,2.97169,0.14,6540,272
09/29/2024,15,2.50087,0.14,6541,272
09/29/2024,16,12.09481,0.14,6542,272
09/29/2024,17,30.79803,0.14,6543,272
09/29/2024,18,44.68112,0.39149,6544,272
09/29/2024,19,55.23254,0.75,6545,272
09/29/2024,20,53.57733,0.75,6546,272
09/29/2024,21,45.64631,0.45,6547,272
09/29/2024,22,44.72825,0.75,6548,272
09/29/2024,23,43.72436,0.5,6549,272
09/29/2024,24,43.04858,0.5,6550,272
09/30/2024,1,41.44673,0.45,6551,272
09/30/2024,2,40.60888,0.14,6552,273
09/30/2024,3,40.51331,0.14,6553,273
09/30/2024,4,40.23444,0.14,6554,273
09/30/2024,5,40.65767,0.14,6555,273
09/30/2024,6,44.77178,0.14,6556,273
09/30/2024,7,49.886,0.5,6557,273
09/30/2024,8,45.31682,0.5,6558,273
09/30/2024,9,24.56977,0.5,6559,273
09/30/2024,10,15.64348,0.14,6560,273
09/30/2024,11,14.5337,0.14,6561,273
09/30/2024,12,13.43321,0.14,6562,273
09/30/2024,13,13.65102,0.14,6563,273
09/30/2024,14,14.14724,0.14,6564,273
09/30/2024,15,13.43302,0.14,6565,273
09/30/2024,16,26.51383,0.14,6566,273
09/30/2024,17,45.12688,0.14,6567,273
09/30/2024,18,56.68237,1.38118,6568,273
09/30/2024,19,78.01109,12.06,6569,273
09/30/2024,20,64.97321,1.98,6570,273
09/30/2024,21,56.07358,0.75,6571,273
09/30/2024,22,53.89987,1.0,6572,273
09/30/2024,23,52.75581,1.0,6573,273
09/30/2024,24,44.01366,0.78,6574,273
10/01/2024,1,50.03799,0.45,6575,273
10/01/2024,2,48.58238,0.1983,6576,274
10/01/2024,3,45.66801,0.14,6577,274
10/01/2024,4,45.47656,0.14,6578,274
10/01/2024,5,45.45857,0.14,6579,274
10/01/2024,6,46.02382,0.14,6580,274
10/01/2024,7,55.89796,1.0,6581,274
10/01/2024,8,49.19058,0.5,6582,274
10/01/2024,9,29.05503,0.5,6583,274
10/01/2024,10,14.62761,0.14,6584,274
10/01/2024,11,12.11685,0.14,6585,274
10/01/2024,12,14.37025,0.14,6586,274
10/01/2024,13,17.58623,0.14,6587,274
10/01/2024,14,21.49953,0.14,6588,274
10/01/2024,15,22.34691,0.14,6589,274
10/01/2024,16,44.54213,0.14,6590,274
10/01/2024,17,55.27956,1.0,6591,274
10/01/2024,18,95.68985,28.91582,6592,274
10/01/2024,19,151.55591,87.28641,6593,274
10/01/2024,20,86.86388,23.67128,6594,274
10/01/2024,21,70.34249,8.48573,6595,274
10/01/2024,22,61.45199,1.0,6596,274
10/01/2024,23,58.34814,1.0,6597,274
10/01/2024,24,50.18265,1.0,6598,274
10/02/2024,1,47.91224,1.0,6599,274
10/02/2024,2,45.50453,0.5,6600,275
10/02/2024,3,44.68623,0.14,6601,275
10/02/2024,4,44.13138,0.14,6602,275
10/02/2024,5,45.21315,0.14,6603,275
10/02/2024,6,47.5228,0.14,6604,275
10/02/2024,7,53.55748,1.0,6605,275
10/02/2024,8,53.01898,1.0,6606,275
10/02/2024,9,35.49729,0.5,6607,275
10/02/2024,10,25.68683,0.14,6608,275
10/02/2024,11,19.25548,0.14,6609,275
10/02/2024,12,16.822,0.14,6610,275
10/02/2024,13,24.49989,0.14,6611,275
10/02/2024,14,26.92612,0.14,6612,275
10/02/2024,15,28.79549,0.14,6613,275
10/02/2024,16,45.95797,1.0,6614,275
10/02/2024,17,52.69939,1.0,6615,275
10/02/2024,18,114.34741,51.29608,6616,275
10/02/2024,19,175.68784,113.06391,6617,275
10/02/2024,20,90.13412,27.03639,6618,275
10/02/2024,21,72.24092,10.52,6619,275
10/02/2024,22,65.97228,5.73834,6620,275
10/02/2024,23,59.79211,3.22571,6621,275
10/02/2024,24,51.75337,1.0,6622,275
10/03/2024,1,48.02606,1.0,6623,275
10/03/2024,2,45.10354,0.5,6624,276
10/03/2024,3,44.19892,0.5,6625,276
10/03/2024,4,43.71008,0.14,6626,276
10/03/2024,5,43.74643,0.14,6627,276
10/03/2024,6,44.72629,0.14,6628,276
10/03/2024,7,51.78475,1.0,6629,276
10/03/2024,8,50.97233,1.0,6630,276
10/03/2024,9,37.09331,0.14,6631,276
10/03/2024,10,22.57073,0.14,6632,276
10/03/2024,11,21.36985,0.14,6633,276
10/03/2024,12,22.73265,0.14,6634,276
10/03/2024,13,23.17064,0.14,6635,276
10/03/2024,14,25.66727,0.14,6636,276
10/03/2024,15,19.87048,0.14,6637,276
10/03/2024,16,33.62636,0.14,6638,276
10/03/2024,17,47.39029,1.0,6639,276
10/03/2024,18,157.06224,12.64742,6640,276
10/03/2024,19,112.15798,37.33628,6641,276
10/03/2024,20,78.09826,11.67355,6642,276
10/03/2024,21,65.11964,1.0,6643,276
10/03/2024,22,64.9922,5.01,6644,276
10/03/2024,23,53.47787,1.0,6645,276
10/03/2024,24,51.03306,1.0,6646,276
10/04/2024,1,50.03792,0.56993,6647,276
10/04/2024,2,48.01801,0.45,6648,277
10/04/2024,3,47.48745,0.14,6649,277
10/04/2024,4,47.54444,0.14,6650,277
10/04/2024,5,47.57878,0.14,6651,277
10/04/2024,6,49.35386,0.14,6652,277
10/04/2024,7,56.04498,0.5,6653,277
10/04/2024,8,47.49943,0.75,6654,277
10/04/2024,9,27.42401,0.14,6655,277
10/04/2024,10,24.0514,0.14,6656,277
10/04/2024,11,16.64403,0.14,6657,277
10/04/2024,12,22.31,0.14,6658,277
10/04/2024,13,23.49837,0.14,6659,277
10/04/2024,14,22.74076,0.14,6660,277
10/04/2024,15,19.21621,0.14,6661,277
10/04/2024,16,30.91463,0.14,6662,277
10/04/2024,17,46.8843,0.45,6663,277
10/04/2024,18,64.03998,0.75,6664,277
10/04/2024,19,94.11772,12.96,6665,277
10/04/2024,20,72.00756,1.0,6666,277
10/04/2024,21,64.73365,1.0,6667,277
10/04/2024,22,63.78277,1.0,6668,277
10/04/2024,23,58.32085,1.0,6669,277
10/04/2024,24,54.84156,0.75,6670,277
10/05/2024,1,52.79511,1.0,6671,277
