hour,day,charge_power,discharge_power,profit,mass_norm,charge_m_norm,discharge_m_norm,t_hh,t_lh,t_hc,t_lc,mode,eff_com,eff_exp,power_milp,power_physical,power_mismatch
0,1,0,236.87,6930.3759699989,3.2217249968337063,0,1.0,1013.0785,768.3985190132544,309.67382656557436,240.2214801237557,dis,0.87,0.93,236.87,236.87,0.0
1,1,0,223.74542341764325,6449.781317406661,2.2778016433064527,0,0.9439233535272533,1013.0070071499999,768.3762929187983,309.6224451903997,240.22727297574335,dis,0.87,0.93,223.5871247500005,223.74542341764325,0.1582986676427538
2,1,0,180.1950634760505,5193.2021034775935,1.5204955988516864,0,0.7573060444547662,1012.9355214492849,768.3777344308512,309.46233051414174,240.2330652484458,dis,0.8699998963195689,0.9299980200586454,179.38308275000048,180.1950634760505,0.8119807260500238
3,1,0,173.95171400514658,5013.191421278331,0.7897366350740855,0,0.7307589637776009,1012.8640428971399,768.3736130067175,309.3204456717809,240.23885694192097,dis,0.8699998763333596,0.9299976311912822,173.0948757500003,173.95171400514658,0.8568382551462719
4,1,0,187.7204165635587,5410.3757064583215,0.0,0,0.7897366350740932,1012.7925714928502,768.3265906454168,309.3193286272137,240.2446480562268,dis,0.8699999464728303,0.9299987688628696,187.06491675000046,187.7204165635587,0.6554998135582366
5,1,0,0.0,0.0,0.0,0,0.0,1012.721107235701,768.2795729863523,309.31821169435096,240.2504385914212,idle,,,0.0,0.0,0.0
6,1,33.73307711514757,0.0,-846.854229116329,0.1,0.1,0.0,1019.6385075034433,768.2325600290536,309.31709487318153,237.67876843084767,char,0.8699111531804816,0.9299690858796453,-33.76481059008085,-33.73307711514757,0.03173347493327583
7,1,181.68803652487063,0.0,-4542.388177754382,0.6377935312728956,0.5377935312728956,0.0,1016.3253715472026,768.1855517730507,309.3159781636942,238.93660400007,char,0.8699923187174649,0.92999851782263,-181.58496720000042,-181.68803652487063,-0.10306932487020504
8,1,337.5069450354964,0.0,-506.2604175532446,1.6377935312728957,1.0,0.0,1014.1015111073684,768.1385482178734,309.3148615658778,239.7022600966357,char,0.87,0.93,-337.64810590080845,-337.5069450354964,0.1411608653120311
9,1,337.48003541792093,0.0,-506.2200531268814,2.6377935312728957,1.0,0.0,1013.5134073936521,768.0915493630516,309.3137450797212,239.88951646124494,char,0.87,0.93,-337.64810590080845,-337.48003541792093,0.16807048288751503
10,1,299.2067235910645,0.0,-448.8100853865967,3.524473766902445,0.8866802356295492,0.0,1013.3802448375419,768.0445552081153,309.31262870521317,239.91487357134633,char,0.87,0.93,-299.38590209999984,-299.2067235910645,0.17917850893536524
11,1,326.1208650246304,0.0,-489.18129753694564,4.4909691059755685,0.9664953390731233,0.0,1013.18138783979,767.9975657525945,309.31151244234263,239.96449379661118,char,0.87,0.93,-326.3353205999997,-326.1208650246304,0.21445557536929982
12,1,337.3993227098903,0.0,-506.09898406483546,5.4909691059755685,1.0,0.0,1012.9957314513501,767.9505809960192,309.3103962910984,240.0096078689122,char,0.87,0.93,-337.64810590080845,-337.3993227098903,0.24878319091811818
13,1,244.28654431158498,0.0,-6107.441167411005,6.214127090672604,0.7231579846970354,0.0,1013.0784637880694,767.9036009379196,309.3092802514693,239.96507595287667,char,0.869996294320817,0.9299989456126212,-244.17292379999984,-244.28654431158498,-0.11362051158513964
14,1,337.34552768909066,0.0,-506.018291533636,7.214127090672604,1.0,0.0,1012.917313386931,767.8566255778258,309.30816432344415,240.00067253496618,char,0.87,0.93,-337.64810590080845,-337.34552768909066,0.30257821171778687
15,1,337.31863421325045,0.0,-505.9779513198757,8.214127090672605,1.0,0.0,1012.7792308095453,767.809654915268,309.3070485070118,240.02828493803506,char,0.87,0.93,-337.64810590080845,-337.31863421325045,0.32947168755799794
16,1,0,165.88115939255627,4281.6826772338345,7.518443694068882,0,0.6956833966037234,1012.7077678864644,768.3548136544598,308.11267531687184,240.03409710954128,dis,0.8699994640451055,0.9299932978809148,164.78652615352397,165.88115939255627,1.094633239032305
17,1,0,236.81603754684303,7099.065777709012,6.518443694068882,0,1.0,1012.6363121096757,768.1817757522265,308.90544556899044,240.03990869983033,dis,0.87,0.93,236.87,236.81603754684303,-0.053962453156970014
18,1,0,236.78401093072807,6849.545925824933,5.518443694068882,0,1.0,1012.5648634784648,768.0926100943906,309.15570701953874,240.04571970896038,dis,0.87,0.93,236.87,236.78401093072807,-0.08598906927193184
19,1,0,236.75198751727487,6918.27796647126,4.518443694068882,0,1.0,1012.493421992117,768.0232145463533,309.2781154488709,240.0515301369895,dis,0.87,0.93,236.87,236.75198751727487,-0.11801248272513476
20,1,0,236.719967306163,6870.149867414815,3.518443694068882,0,1.0,1012.4219876499177,767.9615495538897,309.35055079980197,240.05733998397582,dis,0.87,0.93,236.87,236.719967306163,-0.15003269383700513
21,1,0,236.68795029707195,6643.06543601527,2.518443694068882,0,1.0,1012.3505604511527,767.903703522878,309.39831589446146,240.06314924997744,dis,0.87,0.93,236.87,236.68795029707195,-0.18204970292805456
22,1,0,236.6559364896821,6282.485795843362,1.518443694068882,0,1.0,1012.2791403951076,767.8480242613878,309.43209821974955,240.06895793505245,dis,0.87,0.93,236.87,236.6559364896821,-0.2140635103179136
23,1,0,163.56367750635707,4222.133086437629,0.8318506136723606,0,0.6865930803965213,1012.207727481068,767.8414001543506,309.27054964365925,240.07476603925898,dis,0.8699992882501438,0.9299943443148041,162.633302953524,163.56367750635707,0.930374552833058
24,2,0,62.17912191074688,1592.526233491126,0.5741639440633514,0,0.2576866696090092,1012.1363217083199,767.8388018917873,309.08925511324884,240.08057356265508,dis,0.8699985747915638,0.9299647578083808,61.038241430286014,62.17912191074688,1.140880480460865
25,2,0,0.0,0.0,0.5741639440633514,0,0.0,1012.0649230761491,767.7918330115981,309.0881611877375,240.08638050529882,idle,,,0.0,0.0,0.0
26,2,0,0.0,0.0,0.5741639440633514,0,0.0,1011.9935315838414,767.744868828297,309.08706737161873,240.0921868672483,idle,,,0.0,0.0,0.0
27,2,0,0.0,0.0,0.5741639440633514,0,0.0,1011.9221472306831,767.6979093414141,309.0859736648816,240.0979926485616,idle,,,0.0,0.0,0.0
28,2,0,137.04452855841836,3510.107560809371,0.0,0,0.5741639440633513,1011.85077001596,767.6509545504799,309.0848800675151,240.10379784929674,dis,0.8699993367683192,0.9299912188260552,136.00221343028602,137.04452855841836,1.0423151281323442
29,2,0,0.0,0.0,0.0,0,0.0,1011.7793999389585,767.6040044550249,309.08378657950834,240.10960246951183,idle,,,0.0,0.0,0.0
30,2,109.98647758109458,0.0,-164.97971637164187,0.325277139742127,0.325277139742127,0.0,1017.0005202337617,767.5570590545793,309.0826932008504,238.47338071934573,char,0.8699684113432626,0.9299891900211714,-109.82921012676177,-109.98647758109458,-0.15726745433281053
31,2,337.8174415315212,0.0,-506.7261622972818,1.325277139742127,1.0,0.0,1013.4849126192133,767.5101183486738,309.08159993153026,239.68787868718852,char,0.869998288139548,0.929998270228002,-337.64810590080845,-337.8174415315212,-0.16933563071273738
32,2,337.8263214982684,0.0,-506.7394822474026,2.325277139742127,1.0,0.0,1012.9467142339439,767.4631823368389,309.0805067715371,239.8582879491411,char,0.8699981189905012,0.9299980793613173,-337.64810590080845,-337.8263214982684,-0.1782155974599391
33,2,325.2725092225521,0.0,-8132.416554488196,3.288074997093358,0.9627978573512309,0.0,1012.7616874855566,767.4162510186053,309.0794137208599,239.904626055269,char,0.8699975310438507,0.9299978413022097,-325.0868728999999,-325.2725092225521,-0.18563632255222728
34,2,266.6935907317476,0.0,-6667.8384147192255,4.077377861651088,0.7893028645577295,0.0,1012.831915772556,767.3693243935035,309.0783207794878,239.86093716277628,char,0.8699945686837436,0.9299971957197218,-266.5066171999997,-266.6935907317476,-0.18697353174786713
35,2,213.8650729117837,0.0,-5347.039324703102,4.710202952820918,0.6328250911698307,0.0,1012.9771372051632,767.3224024610641,309.0772279474098,239.7911044064804,char,0.8699890912724396,0.9299955832786885,-213.67219339999974,-213.8650729117837,-0.19287951178395701
36,2,255.56234883752975,0.0,-6389.575428746903,5.466493776720928,0.7562908239000102,0.0,1012.9946903328787,767.275485220818,309.0761352246151,239.76629252139256,char,0.8699928872593004,0.9299964104371621,-255.36016420000033,-255.56234883752975,-0.2021846375294274
37,2,330.08825501827994,0.0,-8252.935338458663,6.443449993667413,0.9769562169464844,0.0,1012.8236376661775,767.228572672296,309.0750426110926,239.80828791763554,char,0.86999686652336,0.9299969528348987,-329.86741619999975,-330.08825501827994,-0.22083881828018548
38,2,337.87968296088377,0.0,-506.81952444132565,7.443449993667413,1.0,0.0,1012.6658183048665,767.1816648150287,309.0739501068315,239.845644601028,char,0.8699969356625826,0.9299967238964304,-337.64810590080845,-337.87968296088377,-0.23157706007532397
39,2,337.8885849233411,0.0,-506.83287738501167,8.443449993667413,1.0,0.0,1012.5326136320656,767.1347616485473,309.0728577118208,239.87429547140684,char,0.8699967106152244,0.9299964631182046,-337.64810590080845,-337.8885849233411,-0.24047902253266784
40,2,0,198.54811342513528,5080.232814456418,7.608624955460802,0,0.8348250382066105,1012.4611753707023,767.9545904379605,308.62952971892855,239.88012304185972,dis,0.8699975484639068,0.9299945912648078,197.74500679999983,198.54811342513528,0.8031066251354559
41,2,0,237.03267367812276,9582.481361902275,6.608624955460802,0,1.0,1012.3897442531653,767.7393228489875,309.169986080695,239.88595002955554,dis,0.8699971267503165,0.9299981721795348,236.87,237.03267367812276,0.1626736781227578
42,2,0,236.99436468591958,9528.12342050019,5.608624955460802,0,1.0,1012.31832027874,767.6433279264413,309.32858970712175,239.8917764345526,dis,0.8699970654307881,0.929998269860308,236.87,236.99436468591958,0.1243646859195735
43,2,0,236.95605935755776,9505.663422799242,4.608624955460802,0,1.0,1012.246903446712,767.5733018888934,309.4040656673094,239.89760225690918,dis,0.8699970032817589,0.9299983637049613,236.87,236.95605935755776,0.08605935755775818
44,2,0,236.91775769122768,7249.061012610358,3.608624955460802,0,1.0,1012.1754937563674,767.5131340535215,309.4479945593466,239.90342749668352,dis,0.8699969403040924,0.9299984537132554,236.87,236.91775769122768,0.04775769122767315
45,2,0,236.87945968907135,6759.342202991041,2.608624955460802,0,1.0,1012.1040912069917,767.4577582376512,309.4765964707828,239.90925215393386,dis,0.8699968764979072,0.9299985398846334,236.87,236.87945968907135,0.009459689071348976
46,2,0,236.84116534900636,6285.6916633515175,1.6086249554608019,0,1.0,1012.032695797871,767.4050731818021,309.496598875977,239.91507622871848,dis,0.8699968118641241,0.9299986222188719,236.87,236.84116534900636,-0.028834650993644573
47,2,0,167.3244703015295,4281.045432578671,0.9063008485667258,0,0.7023241068940761,1011.9613075282913,767.4083891231945,309.33231916199617,239.92089972109562,dis,0.8699974898597386,0.9299916405068376,166.35951119999982,167.3244703015295,0.9649591015296721
48,3,0,24.35725454014183,624.0853578904353,0.8063008485667258,0,0.1,1011.8899263975385,767.3849150681126,309.227055772333,239.92672263112354,dis,0.8699960522388626,0.9299238234443616,23.687,24.35725454014183,0.6702545401418298
49,3,0,0.0,0.0,0.8063008485667258,0,0.0,1011.8185524048987,767.3379915766058,309.2259480667558,239.93254495886043,idle,,,0.0,0.0,0.0
50,3,0,0.0,0.0,0.8063008485667258,0,0.0,1011.7471855496582,767.2910727774481,309.2248404719491,239.93836670436457,idle,,,0.0,0.0,0.0
51,3,0,0.0,0.0,0.8063008485667258,0,0.0,1011.6758258311032,767.2441586701703,309.2237329879019,239.94418786769415,idle,,,0.0,0.0,0.0
52,3,0,90.63144504852916,2329.3134182677495,0.42892979609068355,0,0.37737105247604225,1011.6044732485201,767.2523848793381,309.0268792199449,239.9500084489074,dis,0.8699984582579502,0.9299731006510698,89.38788120000012,90.63144504852916,1.2435638485290355
53,3,0,102.82691982845947,2642.7663278772966,0.0,0,0.4289297960906838,1011.5331278011953,767.2054746408502,309.0257915320229,239.95582844806253,dis,0.8699982425739085,0.9299780018039353,101.60060080000028,102.82691982845947,1.2263190284591872
54,3,0,0.0,0.0,0.0,0,0.0,1011.4617894884152,767.1585690933861,309.0247039528697,239.96164786521774,idle,,,0.0,0.0,0.0
55,3,149.9317158786333,0.0,-224.89757381794993,0.44344999366741256,0.44344999366741256,0.0,1015.6009791034498,767.1116682364767,309.0236164824744,238.79258881282638,char,0.8699751439036119,0.929990149923457,-149.73005042352736,-149.9317158786333,-0.20166545510593892
56,3,337.90209803515035,0.0,-506.8531470527255,1.4434499936674126,1.0,0.0,1013.0957786165018,767.064772069653,309.0225291208261,239.65358234304838,char,0.8699963202220191,0.929996061454391,-337.64810590080845,-337.90209803515035,-0.2539921343418996
57,3,337.91101154237447,0.0,-506.8665173135617,2.4434499936674126,1.0,0.0,1012.5969944253698,767.0178805924461,309.021441867914,239.81033666068961,char,0.8699960737727606,0.9299957759117842,-337.64810590080845,-337.91101154237447,-0.2629056415660216
58,3,337.9199294962951,0.0,-506.87989424444265,3.4434499936674126,1.0,0.0,1012.3566029731594,766.9709938043868,309.0203547237272,239.87639872205048,char,0.8699958192410951,0.9299954803326893,-337.64810590080845,-337.9199294962951,-0.27182359548663726
59,3,337.92885191990246,0.0,-506.8932778798537,4.443449993667413,1.0,0.0,1012.2001539962671,766.9241117050063,309.01926768825484,239.91299964093832,char,0.8699955566171111,0.929995174712507,-337.64810590080845,-337.92885191990246,-0.28074601909401053
60,3,337.93777884173903,0.0,-506.90666826260855,5.443449993667413,1.0,0.0,1012.0813881893164,766.8772342938358,309.018180761486,239.93637618790967,char,0.8699952858903701,0.929994859046293,-337.64810590080845,-337.93777884173903,-0.28967294093058626
61,3,337.9467102856715,0.0,-506.9200654285072,6.443449993667413,1.0,0.0,1011.9827633526389,766.8303615704065,309.01709394340986,239.9526855823525,char,0.8699950070505652,0.9299945333291788,-337.64810590080845,-337.9467102856715,-0.2986043848630402
62,3,337.9556462765362,0.0,-506.9334694148043,7.443449993667413,1.0,0.0,1011.8961642072111,766.7834935342494,309.0160072340155,239.96477624473044,char,0.869994720087162,0.9299941975561448,-337.64810590080845,-337.9556462765362,-0.30754037572773996
63,3,337.9645868427569,0.0,-506.9468802641353,8.443449993667413,1.0,0.0,1011.8173200082099,766.736630184896,309.0149206332921,239.97414718453902,char,0.8699944249892009,0.9299938517218878,-337.64810590080845,-337.9645868427569,-0.31648094194844134
64,3,0,0.0,0.0,8.443449993667413,0,0.0,1011.7459532762091,766.6897715218774,309.01383414122876,239.97996476982058,idle,,,0.0,0.0,0.0
65,3,0,193.0279343544334,7847.220513705375,7.630565752061548,0,0.812884241605865,1011.6745936808815,767.5343039207777,308.48970071355427,239.9857817733436,dis,0.8699975422506165,0.9299966590561971,192.54789030918124,193.0279343544334,0.48004404525215705
66,3,0,132.901819842528,5402.403445559537,7.074126050498744,0,0.5564397015628033,1011.6032412215134,767.7001851223708,307.7442921068588,239.9915981951663,dis,0.86999823433073,0.9299875642844883,131.8038721091812,132.901819842528,1.0979477333467855
67,3,0,189.64159601074238,7709.569675299969,6.27548251138792,0,0.7986435391108243,1011.5318958973912,767.5861842821874,307.9840432372307,239.9974140353468,dis,0.8699974879698684,0.9299966453878632,189.17469510918096,189.64159601074238,0.4669009015614165
68,3,0,221.80727388288201,9017.973016524458,5.338632846554125,0,0.9368496648337948,1011.4605577078015,767.4254397386915,308.3666055405461,240.00322929394326,dis,0.8699970473826317,0.9299989381067877,221.911580109181,221.80727388288201,-0.10430622629897357
69,3,0,236.43987558784602,9625.465813093111,4.338632846554125,0,1.0,1011.3892266520307,767.2862889333657,308.67145401660105,240.00904397101388,dis,0.8699967824444153,0.9299994426079862,236.87,236.43987558784602,-0.43012441215398667
70,3,0,161.50230237962884,6565.341279280491,3.659967751315465,0,0.67866509523866,1011.3179027293655,767.2868032558762,308.51546977190554,240.0148580666168,dis,0.869997633629809,0.9299937912629541,160.7554011091814,161.50230237962884,0.746901270447438
71,3,0,75.42725638273835,3066.0740756864125,3.346285338560869,0,0.3136824127545957,1011.2465859390926,767.3066632827752,308.2614310266235,240.02067158081016,dis,0.8699988565673632,0.9299709778567162,74.30195310918108,75.42725638273835,1.1253032735572646
72,4,0,0.0,0.0,3.346285338560869,0,0.0,1011.1752762804987,767.2597476164469,308.2604198835208,240.0264845136521,idle,,,0.0,0.0,0.0
73,4,0,0.0,0.0,3.346285338560869,0,0.0,1011.1039737528706,767.2128366416853,308.25940884153243,240.03229686520075,idle,,,0.0,0.0,0.0
74,4,0,24.304709825123545,989.2056942548022,3.246285338560869,0,0.1,1011.0326783554954,767.194350778015,308.1259947660419,240.03810863551425,dis,0.8699966030247734,0.9299354287408089,23.687,24.304709825123545,0.6177098251235442
75,4,0,46.94011474656617,1912.3225837743964,3.051964813440314,0,0.1943205251205549,1010.9613900876598,767.1931259402056,307.93763798527914,240.04391982465071,dis,0.8699986558052019,0.929956938035146,46.02870278530584,46.94011474656617,0.9114119612603275
76,4,0,112.12284831031012,4567.772256504306,2.582902041517716,0,0.46906277192259815,1010.890108948651,767.1941849371887,307.7753750273919,240.04973043266827,dis,0.8699982162810955,0.9299856666975334,111.10689878530583,112.12284831031012,1.015949525004288
77,4,0,0.0,0.0,2.582902041517716,0,0.0,1010.8188349377562,767.147280518695,307.77441248988913,240.055540459625,idle,,,0.0,0.0,0.0
78,4,149.67557150631097,0.0,-4278.612725068119,3.02558614178728,0.44268410026956345,0.0,1011.4525646385475,767.100380790643,307.77345004864014,239.86389534967995,char,0.8699731409869415,0.9299900943868351,-149.47144796842167,-149.67557150631097,-0.20412353788930204
79,4,273.3485434210982,0.0,-7814.020676787628,3.8344360719232786,0.8088499301359987,0.0,1011.7262365665599,767.053485752564,307.77248770363525,239.803256772641,char,0.8699912764047365,0.9299955149851441,-273.1066468684212,-273.3485434210982,-0.24189655267701937
80,4,296.27484482186725,0.0,-8469.43562939128,4.7111489439788485,0.8767128720555701,0.0,1011.8287225393608,767.0065954039887,307.7715254548649,239.7856082568717,char,0.8699927299827748,0.9299956205452785,-296.0204406684211,-296.27484482186725,-0.25440415344615985
81,4,225.28461958929336,0.0,-6440.051993458834,5.377648963482978,0.6665000195041292,0.0,1012.0136665152401,766.9597097444483,307.7705633023194,239.72394759547112,char,0.8699855113376409,0.9299936199648549,-225.0424691684211,-225.28461958929336,-0.2421504208722638
82,4,185.7866740847371,0.0,-5310.93935207962,5.927189811856436,0.549540848373458,0.0,1012.1882661602381,766.9128287734738,307.7696012459891,239.65938779757212,char,0.8699786445665634,0.9299912536320093,-185.55142656842145,-185.7866740847371,-0.23524751631563845
83,4,176.8373945786895,0.0,-5055.115952669031,6.450221380765345,0.5230315689089088,0.0,1012.3307508342428,766.8659524905964,307.76863928586454,239.60319238894124,char,0.8699761622266033,0.9299901839118151,-176.60061856842123,-176.8373945786895,-0.23677601026827233
84,4,179.29891098886935,0.0,-5125.491548521989,6.980526448494714,0.5303050677293689,0.0,1012.4419852796011,766.8190808953474,307.76767742193596,239.5562282719668,char,0.8699760881041729,0.9299899404966885,-179.05650166842136,-179.29891098886935,-0.24240932044799024
85,4,190.07211735205402,0.0,-5433.475127062682,7.542710820185474,0.5621843716907603,0.0,1012.521355349916,766.7722139872578,307.7667156541938,239.5192710766872,char,0.8699777270633605,0.9299902861028467,-189.8204882684213,-190.07211735205402,-0.25162908363273573
86,4,118.53437447572747,0.0,-3388.425914077114,7.8931334264452,0.35042260625972615,0.0,1012.6109257075279,766.725351765859,307.7657539826283,239.47543984438892,char,0.8699568105899135,0.9299817423079392,-118.31952926842132,-118.53437447572747,-0.21484520730615486
87,4,186.07307977852577,0.0,-5319.172170482008,8.443449993667432,0.5503165672222314,0.0,1012.6611568482041,766.6784942306824,307.76479240723006,239.44665626730614,char,0.8699756892470841,0.9299891136853428,-185.81334656842137,-186.07307977852577,-0.2597332101044003
88,4,0,207.97768437249402,8756.217904088813,7.570635477477127,0,0.8728145161903043,1012.5897057325193,767.5781923075664,308.8205842734612,239.45252660167944,dis,0.86998961201786,0.929983800812278,206.74357444999737,207.97768437249402,1.234109922496657
89,4,0,237.66597947888596,17425.371422592292,6.570635477477127,0,1.0,1012.5182617619461,767.405887995835,309.2213918645428,239.4583963490193,dis,0.8699889565114598,0.9299893034303123,236.87,237.66597947888596,0.795979478885954
90,4,0,237.62758580800872,17062.056330411826,5.570635477477127,0,1.0,1012.4468249357699,767.3213931108752,309.3426207936196,239.4642655093844,dis,0.8699888417077288,0.92998955676551,236.87,237.62758580800872,0.757585808008713
91,4,0,237.58919581615984,17114.76854350023,4.570635477477127,0,1.0,1012.3753952532763,767.256691492597,309.40084124479444,239.47013408283348,dis,0.8699887261160324,0.9299898062324297,236.87,237.58919581615984,0.7191958161598393
92,4,0,237.5508095034644,16988.38088761241,3.5706354774771274,0,1.0,1012.303972713751,767.1996001420014,309.43484509077877,239.47600206942522,dis,0.8699886097367938,0.9299900518306579,236.87,237.5508095034644,0.6808095034643884
93,4,0,237.5124268695707,11203.393359650327,2.5706354774771274,0,1.0,1012.2325573164796,767.146233954405,309.45700288781853,239.48186946921828,dis,0.8699884925706238,0.9299902935598878,236.87,237.5124268695707,0.6424268695706985
94,4,0,237.47404791473835,10916.61461944873,1.5706354774771274,0,1.0,1012.161149060748,767.0949689680651,309.4724854889141,239.48773628227138,dis,0.8699883746178895,0.9299905314196772,236.87,237.47404791473835,0.6040479147383451
95,4,0,237.43567263867232,10094.721483597345,0.5706354774771274,0,1.0,1012.089747945842,767.0450063194384,309.4838365529431,239.49360250864316,dis,0.8699882558791786,0.9299907654097069,236.87,237.43567263867232,0.5656726386723108
96,5,0,113.07530215641124,4776.489577929439,0.09999999999999998,0,0.4706354774771274,1012.0183539710474,767.0565673136662,309.2807004244449,239.4994681483923,dis,0.8699917701067955,0.9299585402583666,111.47942555000718,113.07530215641124,1.5958766064040617
97,5,0,24.418530348497068,1027.9634613442593,0.0,0,0.1,1011.9469671356503,767.0096766569347,309.27958735440245,239.50533320157749,dis,0.8699963461105069,0.9298884492372853,23.687,24.418530348497068,0.731530348497067
98,5,0,0.0,0.0,0.0,0,0.0,1011.8755874389367,766.962790689269,309.278474395667,239.51119766825735,idle,,,0.0,0.0,0.0
99,5,0,0.0,0.0,0.0,0,0.0,1011.8042148801928,766.9159094102001,309.2773615482274,239.51706154849055,idle,,,0.0,0.0,0.0
100,5,0,0.0,0.0,0.0,0,0.0,1011.7328494587048,766.8690328192591,309.2762488120726,239.52292484233573,idle,,,0.0,0.0,0.0
101,5,0,0.0,0.0,0.0,0,0.0,1011.6614911737589,766.8221609159772,309.2751361871914,239.5287875498515,idle,,,0.0,0.0,0.0
102,5,210.00131540158822,0.0,-5890.960510201303,0.6211950491264642,0.6211950491264642,0.0,1014.0300192246466,766.7752936998855,309.27402367357263,239.23847015435567,char,0.8699834463643606,0.929991348613162,-209.74533173251027,-210.00131540158822,-0.2559836690779491
103,5,337.9649636511304,0.0,-9216.471021892152,1.6211950491264642,1.0,0.0,1012.6057141955155,766.7284311705156,309.27291127120526,239.72516344658794,char,0.8699946293937035,0.929993748310254,-337.64810590080845,-337.9649636511304,-0.31685775032195806
104,5,337.97390651707036,0.0,-9411.582126228015,2.621195049126464,1.0,0.0,1012.227060905679,766.6815733273985,309.27179898007813,239.84096884851658,char,0.8699943316488961,0.9299933894428464,-337.64810590080845,-337.97390651707036,-0.32580061626191537
105,5,337.63925842594807,0.0,-9471.727518042286,3.620178052252211,0.9989830031257472,0.0,1012.0293374400038,766.6347201700657,309.2706868001801,239.8925969593432,char,0.8699940087655824,0.9299930198769119,-337.30471883250993,-337.63925842594807,-0.3345395934381372
106,5,337.9918061597054,0.0,-9394.058992707776,4.620178052252211,1.0,0.0,1011.8926480657866,766.5878716980487,309.2695747315001,239.92258396575198,char,0.8699937116810214,0.9299926414896003,-337.64810590080845,-337.9918061597054,-0.3437002588969449
107,5,318.70556046395956,0.0,-8940.592773778979,5.563077871823649,0.9428998195714383,0.0,1011.8377411693682,766.5410279108789,309.26846277402694,239.92333982534888,char,0.8699925833902056,0.929992348421359,-318.3683381325102,-318.70556046395956,-0.3372223314493681
108,5,287.86232569309635,0.0,-8075.3329066806145,6.414650846490293,0.8515729746666447,0.0,1011.8488558501222,766.4941888080879,309.26735092774953,239.90065978448786,char,0.8699896938052807,0.9299914011825524,-287.53200193250973,-287.86232569309635,-0.33032376058662294
109,5,278.11550957983644,0.0,-7801.912919428453,7.2373515901873855,0.8227007436970929,0.0,1011.8615022640906,766.447354389207,309.26623919265677,239.87746250674124,char,0.8699884214536355,0.9299907981053278,-277.7833478325099,-278.11550957983644,-0.3321617473265519
110,5,247.11959054660232,0.0,-6932.363078771382,7.968286625270959,0.7309350350835739,0.0,1011.9036695972832,766.4005246537681,309.2651275687375,239.8437661596887,char,0.8699846973537336,0.9299895342123111,-246.79883013250972,-247.11959054660232,-0.3207604140926037
111,5,160.7100028536608,0.0,-4508.265489360047,8.44344999366741,0.47516336839645135,0.0,1011.996991099202,766.3536996013028,309.2640160559806,239.79190499113568,char,0.8699678228289829,0.9299832696128525,-160.43801133250986,-160.7100028536608,-0.2719915211509374
112,5,0,236.95420956393676,10008.955987698753,7.443449993667411,0,1.0,1011.9256064000921,767.1875814892926,309.6039420905197,239.79774080063657,dis,0.86999474404131,0.9299972488202379,236.87,236.95420956393676,0.08420956393675283
113,5,0,236.91590172676925,17332.41873288118,6.443449993667411,0,1.0,1011.854228839452,767.1414141207302,309.6031573716579,239.80357602655653,dis,0.8699946610572283,0.9299973652421973,236.87,236.91590172676925,0.04590172676924453
114,5,0,236.87759755848836,17272.513641310336,5.443449993667411,0,1.0,1011.782858416568,767.095251520524,309.6023727087937,239.8094106689539,dis,0.8699945772549301,0.9299974778209416,236.87,236.87759755848836,0.007597558488356526
115,5,0,236.83929705945968,17269.732749468913,4.443449993667411,0,1.0,1011.7114951307263,767.0490936879667,309.60158810192945,239.815244727887,dis,0.869994492634816,0.9299975865560653,236.87,236.83929705945968,-0.030702940540322743
116,5,0,236.80100022811786,16975.410509441754,3.443449993667411,0,1.0,1011.6401389812132,767.0029406228967,309.60080355104725,239.82107820341423,dis,0.8699944071977916,0.9299976914473559,236.87,236.80100022811786,-0.06899977188214734
117,5,0,236.76270706531795,11160.666704991274,2.443449993667411,0,1.0,1011.5687899673151,766.9567923246735,309.60001905614706,239.8269110955939,dis,0.8699943209441309,0.9299977924943568,236.87,236.76270706531795,-0.10729293468205015
118,5,0,236.72441757207702,10812.192968428157,1.4434499936674108,0,1.0,1011.4974480883184,766.9106487924863,309.5992346172347,239.83274340448438,dis,0.8699942338740552,0.9299978896966048,236.87,236.72441757207702,-0.1455824279229887
119,5,0,236.68613174730433,9928.888702764583,0.4434499936674108,0,1.0,1011.4261133435095,766.8645100258337,309.598450234305,239.83857513014394,dis,0.8699941459883478,0.9299979830538391,236.87,236.68613174730433,-0.18386825269567453
120,6,0,106.29456042372512,4403.455277605593,0.0,0,0.4434499936674108,1011.3547857321752,766.8176385748311,309.5973053892816,239.84440627263095,dis,0.8699965475740679,0.9299748230890211,105.0399999999996,106.29456042372512,1.254560423725522
121,6,0,0.0,0.0,0.0,0,0.0,1011.283465253602,766.7707718109737,309.59616065874263,239.8502368320037,idle,,,0.0,0.0,0.0
122,6,0,0.0,0.0,0.0,0,0.0,1011.2121519070766,766.7239097337925,309.5950160426768,239.85606680832052,idle,,,0.0,0.0,0.0
123,6,0,0.0,0.0,0.0,0,0.0,1011.1408456918859,766.6770523428191,309.5938715410725,239.8618962016397,idle,,,0.0,0.0,0.0
124,6,0,0.0,0.0,0.0,0,0.0,1011.0695466073167,766.6301996375848,309.59272715391836,239.86772501201955,idle,,,0.0,0.0,0.0
125,6,0,0.0,0.0,0.0,0,0.0,1010.998254652656,766.583351617621,309.59158288120295,239.87355323951837,idle,,,0.0,0.0,0.0
126,6,219.6771074106085,0.0,-6171.6124048461315,0.6497565739042453,0.6497565739042453,0.0,1013.6626534700346,766.5365082824593,309.5904387229148,239.30693633503512,char,0.869982766374114,0.9299896077490245,-219.3890764753671,-219.6771074106085,-0.28803093524140877
127,6,338.00908591277937,0.0,-9277.094859233863,1.6497565739042455,1.0,0.0,1012.3796673006182,766.489669631631,309.5892946790425,239.7477941802389,char,0.8699933826219348,0.9299917527476752,-337.64810590080845,-338.00908591277937,-0.36098001197092344
128,6,338.01804874055847,0.0,-9120.363285288713,2.6497565739042455,1.0,0.0,1012.0244143551122,766.4428356646679,309.5881507495746,239.85635771535522,char,0.8699930518554457,0.9299913410050445,-337.64810590080845,-338.01804874055847,-0.3699428397500242
129,6,338.0270163309445,0.0,-9488.26151952788,3.6497565739042455,1.0,0.0,1011.8343280764659,766.3960063811014,309.58700693449964,239.90576393273787,char,0.8699927128775833,0.9299909191641044,-337.64810590080845,-338.0270163309445,-0.3789104301360453
130,6,304.8632318720175,0.0,-8565.059197738688,4.551585864381062,0.9018292904768161,0.0,1011.8109263503701,766.3491817804633,309.58586323380615,239.89518412036577,char,0.8699903813000266,0.9299903773785616,-304.50095177536696,-304.8632318720175,-0.3622800966505224
131,6,276.79422483609267,0.0,-7776.440758680474,5.3703124926198065,0.8187266282387441,0.0,1011.8460290741721,766.3023618622852,309.58471964748276,239.86368144642896,char,0.8699873881793243,0.9299893538248054,-276.4414952753673,-276.79422483609267,-0.3527295607253791
132,6,290.2725162506917,0.0,-8155.156804561068,6.228908331035475,0.8585958384156686,0.0,1011.8296523995787,766.255546626099,309.583576175518,239.85072281516585,char,0.8699882167124476,0.9299891706373379,-289.9032585753671,-290.2725162506917,-0.3692576753246044
133,6,287.0851171313106,0.0,-8065.622613009753,7.0780484415966,0.8491401105611253,0.0,1011.8101516461616,766.2087360714363,309.58243281790044,239.8389078877483,char,0.8699874913585665,0.9299886444421984,-286.71054997536703,-287.0851171313106,-0.3745671559435664
134,6,299.6737166311368,0.0,-8419.342367121177,7.964427735142197,0.8863792935455967,0.0,1011.7615944758203,766.1619301978292,309.58128957461867,239.83753892528603,char,0.869988442856002,0.9299885498080616,-299.28428957536744,-299.6737166311368,-0.3894270557693744
135,6,162.0348252166146,0.0,-4552.218601463254,8.443449993667413,0.4790222585252163,0.0,1011.8524841530411,766.1151290048094,309.58014644566117,239.78603836445666,char,0.869965100533568,0.9299803854762604,-161.74095827536667,-162.0348252166146,-0.2938669412479271
136,6,0,236.9005407459003,10048.272119130188,7.443449993667413,0,1.0,1011.7811139046258,767.0794030786218,309.6009330973336,239.79187476062023,dis,0.8699942588866513,0.9299972364729359,236.87,236.9005407459003,0.030540745900282218
137,6,0,236.8622371573746,18963.05644209554,6.443449993667413,0,1.0,1011.7097507932353,767.0332471734403,309.6001486617092,239.79771057314417,dis,0.8699941719910644,0.9299973512307241,236.87,236.8622371573746,-0.007762842625396615
138,6,0,236.82393723866082,17262.95568597516,5.443449993667413,0,1.0,1011.638394818156,766.9870960350089,309.59936428206265,239.8035458020869,dis,0.8699940842793281,0.9299974621438283,236.87,236.82393723866082,-0.04606276133918641
139,6,0,236.78564098931454,17239.86610409667,4.443449993667413,0,1.0,1011.5670459786742,766.9409496629071,309.5985799583857,239.8093804475067,dis,0.8699939957520538,0.9299975692119283,236.87,236.78564098931454,-0.08435901068546059
140,6,0,236.74734840968804,17070.939995489287,3.4434499936674126,0,1.0,1011.4957042740763,766.8948080564878,309.59779569067837,239.81521450946195,dis,0.8699939064096357,0.9299976724346231,236.87,236.74734840968804,-0.12265159031196049
141,6,0,236.70905950021978,16649.25718792325,2.4434499936674126,0,1.0,1011.4243697036488,766.8486712150465,309.5970114789429,239.82104798801103,dis,0.8699938162524394,0.9299977718115089,236.87,236.70905950021978,-0.1609404997802244
142,6,0,236.6707742591067,10964.639365977544,1.4434499936674126,0,1.0,1011.3530422666785,766.802539138316,309.5962273231652,239.82688088321225,dis,0.8699937252814565,0.929997867342393,236.87,236.6707742591067,-0.19922574089329714
143,6,0,236.63249268729157,10135.151017383076,0.44344999366741256,0,1.0,1011.2817219624518,766.756411825707,309.5954432233434,239.83271319512394,dis,0.869993633496915,0.9299979590268196,236.87,236.63249268729157,-0.23750731270843062
144,7,0,106.27067413988526,4493.082296724655,0.0,0,0.44344999366741256,1011.2104087902555,766.7095511845245,309.59429867902105,239.83854492380445,dis,0.8699961785952762,0.9299748958924519,105.04000000000002,106.27067413988526,1.230674139885238
145,7,0,0.0,0.0,0.0,0,0.0,1011.1391027493765,766.662695229406,309.59315424915314,239.8443760693121,idle,,,0.0,0.0,0.0
146,7,0,0.0,0.0,0.0,0,0.0,1011.0678038391017,766.6158439598831,309.5920099337282,239.85020663170516,idle,,,0.0,0.0,0.0
147,7,0,0.0,0.0,0.0,0,0.0,1010.9965120587177,766.5689973754871,309.5908657327348,239.85603661104201,idle,,,0.0,0.0,0.0
148,7,0,0.0,0.0,0.0,0,0.0,1010.9252274075118,766.5221554757496,309.58972164616154,239.86186600738094,idle,,,0.0,0.0,0.0
149,7,0,0.0,0.0,0.0,0,0.0,1010.853949884771,766.475318260202,309.5885776739969,239.86769482078023,idle,,,0.0,0.0,0.0
150,7,0,0.0,0.0,0.0,0,0.0,1010.7826794897826,766.428485728376,309.58743381622946,239.87352305129818,idle,,,0.0,0.0,0.0
151,7,338.02976686110406,0.0,-507.0446502916561,1.0,1.0,0.0,1011.5086510045529,766.3816578798031,309.5862900728478,240.01979025005812,char,0.86999260694021,0.9299907879560656,-337.64810590080845,-338.02976686110406,-0.38166096029561913
152,7,338.0387407209199,0.0,-507.0581110813799,2.0,1.0,0.0,1011.4548079313896,766.3348347140152,309.58514644384053,240.0204001380326,char,0.8699922572063895,0.9299903529146645,-337.64810590080845,-338.0387407209199,-0.39063482011147244
153,7,287.39218245814646,0.0,-431.0882736872197,2.850086630164846,0.8500866301648462,0.0,1011.6410489879842,766.2880162305438,309.5840029291961,239.93461159848601,char,0.8699882523396278,0.9299894341402306,-287.0301405267614,-287.39218245814646,-0.3620419313850789
154,7,243.97519301931294,0.0,-6100.208305999464,3.571653293925647,0.7215666637608008,0.0,1011.8530098380339,766.2412024289207,309.5828595289032,239.8397443803565,char,0.8699830929926542,0.929987785501061,-243.63561729999992,-243.97519301931294,-0.339575719313018
155,7,335.65138971224354,0.0,-8392.67922735613,4.56450925147834,0.9928559575526925,0.0,1011.6986860405053,766.1943933086778,309.58171624295034,239.87657387925015,char,0.8699910178074428,0.9299889861027139,-335.2359335000001,-335.65138971224354,-0.4154562122434413
156,7,309.0756979617453,0.0,-7728.129708615604,5.4787018176604825,0.9141925661821427,0.0,1011.6529241824257,766.1475888693469,309.58057307132606,239.87420743580643,char,0.8699889526828188,0.9299884503257253,-308.6753884,-309.0756979617453,-0.40030956174530274
157,7,326.16976730655614,0.0,-8155.6283591119,6.443449993667413,0.9647481760069297,0.0,1011.5655308100654,766.10078911046,309.5794300140189,239.8869129273917,char,0.8699896535430158,0.9299880181372001,-325.7453942999996,-326.16976730655614,-0.4243730065565501
158,7,338.092686212075,0.0,-507.13902931811253,7.443449993667413,1.0,0.0,1011.4619662618026,766.053994031549,309.5782870710175,239.90549049622737,char,0.8699899853155215,0.9299875300615605,-337.64810590080845,-338.092686212075,-0.44458031126657716
159,7,338.10169444343484,0.0,-507.1525416651523,8.443449993667413,1.0,0.0,1011.370193240394,766.0072036321459,309.5771442423104,239.9198125893963,char,0.8699895776297608,0.9299870240879329,-337.64810590080845,-338.10169444343484,-0.4535885426263917
160,7,0,0.0,0.0,8.443449993667413,0,0.0,1011.2988712210699,765.9604179117827,309.57600152788615,239.92563560813736,idle,,,0.0,0.0,0.0
161,7,0,236.47598203684316,10955.853918403578,7.443449993667413,0,1.0,1011.2275563339479,766.8136343293137,309.6091174380767,239.93145804457654,dis,0.8699952451699224,0.9299989404717963,236.87,236.47598203684316,-0.39401796315684123
162,7,0,236.43772384534392,10783.363881728072,6.443449993667413,0,1.0,1011.1562485783145,766.7675064797464,309.6083319864338,239.9372798987721,dis,0.8699951640292573,0.929998992733374,236.87,236.43772384534392,-0.4322761546560798
163,7,0,236.39946931804397,10808.178589407813,5.443449993667413,0,1.0,1011.0849479534567,766.7213833943902,309.6075465908732,239.94310117078223,dis,0.8699950820708979,0.9299990411510416,236.87,236.39946931804397,-0.47053068195603487
164,7,0,235.77675788028972,10668.712266862045,4.445969063199223,0,0.9974809304681899,1011.0136544586613,766.676412395282,309.6031739474971,239.94892186066517,dis,0.8699950094396413,0.9299990694118406,236.27330800000013,235.77675788028972,-0.4965501197104061
165,7,0,54.11462985161254,2448.1590625092977,4.221724996833702,0,0.22424406636552033,1010.9423680932155,766.7156148851934,309.26879078123886,239.9547419684791,dis,0.8699984709005341,0.9299568840940327,53.1166920000008,54.11462985161254,0.9979378516117379
166,7,0,0.0,0.0,4.221724996833702,0,0.0,1010.8710888564061,766.6687583237049,309.26767890216075,239.96056149428227,idle,,,0.0,0.0,0.0
167,7,0,0.0,0.0,4.221724996833702,0,0.0,1010.7998167475205,766.6219064478724,309.26656713427053,239.96638043813286,idle,,,0.0,0.0,0.0
